sep=,
RecordID,SetupID,OpenTime,Side,SignalSource,OutcomeGroup,FinalMaxStep,FinalPnL,FinalEvent,EntryHour,EntryDay,EntryMonth,Session,FillPrice,PlannedLevel,DivP1Price,DivP2Price,DivP3Price,DivP1RSI,DivP2RSI,DivP3RSI,DivGap12,DivGap23,DivSpan,DivGapRatio,DivRSISpread,DivPriceSpreadATR,DivPromATR_P3,DivDistToEntry,Valid_M1,RSI_M1,ATR_M1,ATRPct_M1,ADX_M1,PlusDI_M1,MinusDI_M1,DIGap_M1,CCI_M1,EMA20_M1,EMA50_M1,EMA100_M1,EMA200_M1,EMA200DistATR_M1,EMA20DistATR_M1,EMA50DistATR_M1,RSISlope5_M1,CCISlope5_M1,ADXSlope5_M1,ATRSlope5_M1,ATRRegime_M1,EMA20Slope5_M1,EMA50Slope5_M1,EMA200Slope5_M1,EMAGap20_50_M1,EMAGap50_200_M1,EMACompression_M1,DIStatus_M1,EMAOrder_M1,Position_M1,Trend_M1,AboveEMA200_M1,MACDMain_M1,MACDSignal_M1,MACDHist_M1,StochK_M1,StochD_M1,WPR_M1,BBWidthATR_M1,BBPosition_M1,BBSqueeze_M1,Valid_M5,RSI_M5,ATR_M5,ATRPct_M5,ADX_M5,PlusDI_M5,MinusDI_M5,DIGap_M5,CCI_M5,EMA20_M5,EMA50_M5,EMA100_M5,EMA200_M5,EMA200DistATR_M5,EMA20DistATR_M5,EMA50DistATR_M5,RSISlope5_M5,CCISlope5_M5,ADXSlope5_M5,ATRSlope5_M5,ATRRegime_M5,EMA20Slope5_M5,EMA50Slope5_M5,EMA200Slope5_M5,EMAGap20_50_M5,EMAGap50_200_M5,EMACompression_M5,DIStatus_M5,EMAOrder_M5,Position_M5,Trend_M5,AboveEMA200_M5,MACDMain_M5,MACDSignal_M5,MACDHist_M5,StochK_M5,StochD_M5,WPR_M5,BBWidthATR_M5,BBPosition_M5,BBSqueeze_M5,Valid_M15,RSI_M15,ATR_M15,ATRPct_M15,ADX_M15,PlusDI_M15,MinusDI_M15,DIGap_M15,CCI_M15,EMA20_M15,EMA50_M15,EMA100_M15,EMA200_M15,EMA200DistATR_M15,EMA20DistATR_M15,EMA50DistATR_M15,RSISlope5_M15,CCISlope5_M15,ADXSlope5_M15,ATRSlope5_M15,ATRRegime_M15,EMA20Slope5_M15,EMA50Slope5_M15,EMA200Slope5_M15,EMAGap20_50_M15,EMAGap50_200_M15,EMACompression_M15,DIStatus_M15,EMAOrder_M15,Position_M15,Trend_M15,AboveEMA200_M15,MACDMain_M15,MACDSignal_M15,MACDHist_M15,StochK_M15,StochD_M15,WPR_M15,BBWidthATR_M15,BBPosition_M15,BBSqueeze_M15,Valid_M30,RSI_M30,ATR_M30,ATRPct_M30,ADX_M30,PlusDI_M30,MinusDI_M30,DIGap_M30,CCI_M30,EMA20_M30,EMA50_M30,EMA100_M30,EMA200_M30,EMA200DistATR_M30,EMA20DistATR_M30,EMA50DistATR_M30,RSISlope5_M30,CCISlope5_M30,ADXSlope5_M30,ATRSlope5_M30,ATRRegime_M30,EMA20Slope5_M30,EMA50Slope5_M30,EMA200Slope5_M30,EMAGap20_50_M30,EMAGap50_200_M30,EMACompression_M30,DIStatus_M30,EMAOrder_M30,Position_M30,Trend_M30,AboveEMA200_M30,MACDMain_M30,MACDSignal_M30,MACDHist_M30,StochK_M30,StochD_M30,WPR_M30,BBWidthATR_M30,BBPosition_M30,BBSqueeze_M30,Valid_H1,RSI_H1,ATR_H1,ATRPct_H1,ADX_H1,PlusDI_H1,MinusDI_H1,DIGap_H1,CCI_H1,EMA20_H1,EMA50_H1,EMA100_H1,EMA200_H1,EMA200DistATR_H1,EMA20DistATR_H1,EMA50DistATR_H1,RSISlope5_H1,CCISlope5_H1,ADXSlope5_H1,ATRSlope5_H1,ATRRegime_H1,EMA20Slope5_H1,EMA50Slope5_H1,EMA200Slope5_H1,EMAGap20_50_H1,EMAGap50_200_H1,EMACompression_H1,DIStatus_H1,EMAOrder_H1,Position_H1,Trend_H1,AboveEMA200_H1,MACDMain_H1,MACDSignal_H1,MACDHist_H1,StochK_H1,StochD_H1,WPR_H1,BBWidthATR_H1,BBPosition_H1,BBSqueeze_H1,Valid_H4,RSI_H4,ATR_H4,ATRPct_H4,ADX_H4,PlusDI_H4,MinusDI_H4,DIGap_H4,CCI_H4,EMA20_H4,EMA50_H4,EMA100_H4,EMA200_H4,EMA200DistATR_H4,EMA20DistATR_H4,EMA50DistATR_H4,RSISlope5_H4,CCISlope5_H4,ADXSlope5_H4,ATRSlope5_H4,ATRRegime_H4,EMA20Slope5_H4,EMA50Slope5_H4,EMA200Slope5_H4,EMAGap20_50_H4,EMAGap50_200_H4,EMACompression_H4,DIStatus_H4,EMAOrder_H4,Position_H4,Trend_H4,AboveEMA200_H4,MACDMain_H4,MACDSignal_H4,MACDHist_H4,StochK_H4,StochD_H4,WPR_H4,BBWidthATR_H4,BBPosition_H4,BBSqueeze_H4,MTFValid,MTFEMA200Align,MTFDIAlign,MTFSqueezeCount
1,1,2014.01.03 04:17:09,BUY,PROFILE_D_FULL,SINGLE_STEP,1,2.02,EMA->TP1,4,5,1,Asia,1229.95,1229.95,1229.52,1229.51,1229.29,9.1571,28.7113,32.2041,10,11,21,1.100000,23.046975,2.035242,0.000000,3,1,44.5284,0.11,0.009230,28.6226,20.9789,14.0341,6.9447,108.5681,1229.64,1230.15,1230.55,1230.28,-5.794801,-0.159552,-4.652950,2.289555,45.902520,-2.288459,-0.007600,0.749175,-0.147504,-0.253074,-0.070748,-4.493398,-1.141851,8.002396,+,E100>E200>E50>E20,Down_EMA200,RANGE,0,-0.212887,-0.288516,0.075629,97.8678,70.7061,-19.9041,4.689875,0.649727,0,1,40.5863,0.31,0.024947,48.9837,7.1870,28.8275,21.6405,-88.2999,1230.44,1229.93,1228.35,1225.57,13.214754,-2.672316,-0.985707,0.234244,23.850690,3.699266,-0.079100,0.436810,-0.387081,-0.056647,0.132584,1.686609,14.200461,15.887070,-,E20>E50>E100>E200,Btw_100-50,UP,1,-0.327041,-0.024504,-0.302537,11.8219,7.3070,-88.6895,13.386067,0.176000,0,0,0.0000,0.00,0.000000,0.0000,0.0000,0.0000,0.0000,0.0000,0.00,0.00,0.00,0.00,0.000000,0.000000,0.000000,0.000000,0.000000,0.000000,0.000000,0.000000,0.000000,0.000000,0.000000,0.000000,0.000000,0.000000,,,,,0,0.000000,0.000000,0.000000,0.0000,0.0000,0.0000,0.000000,0.000000,0,0,0.0000,0.00,0.000000,0.0000,0.0000,0.0000,0.0000,0.0000,0.00,0.00,0.00,0.00,0.000000,0.000000,0.000000,0.000000,0.000000,0.000000,0.000000,0.000000,0.000000,0.000000,0.000000,0.000000,0.000000,0.000000,,,,,0,0.000000,0.000000,0.000000,0.0000,0.0000,0.0000,0.000000,0.000000,0,0,0.0000,0.00,0.000000,0.0000,0.0000,0.0000,0.0000,0.0000,0.00,0.00,0.00,0.00,0.000000,0.000000,0.000000,0.000000,0.000000,0.000000,0.000000,0.000000,0.000000,0.000000,0.000000,0.000000,0.000000,0.000000,,,,,0,0.000000,0.000000,0.000000,0.0000,0.0000,0.0000,0.000000,0.000000,0,0,0.0000,0.00,0.000000,0.0000,0.0000,0.0000,0.0000,0.0000,0.00,0.00,0.00,0.00,0.000000,0.000000,0.000000,0.000000,0.000000,0.000000,0.000000,0.000000,0.000000,0.000000,0.000000,0.000000,0.000000,0.000000,,,,,0,0.000000,0.000000,0.000000,0.0000,0.0000,0.0000,0.000000,0.000000,0,2,1,1,0
4,3,2014.01.06 00:14:00,BUY,PROFILE_D_FULL,SINGLE_STEP,1,4.21,EMA->TP1,0,1,1,Asia,1235.23,1235.23,1235.04,1233.34,1232.85,20.6961,21.9847,33.1293,15,11,26,0.733333,12.433125,3.433725,0.000000,3,1,52.5367,0.64,0.051628,35.3491,19.6506,22.9668,3.3162,103.7419,1234.32,1235.06,1235.71,1236.20,-2.202235,0.738210,-0.426558,4.307836,63.853874,-1.556800,0.023450,1.225372,-0.046676,-0.070945,-0.035030,-1.164768,-1.775677,2.940445,-,E200>E100>E50>E20,Btw_50-20,DOWN,0,-0.347450,-0.481204,0.133755,87.7589,62.5863,-4.9020,4.120111,0.713377,0,1,42.8481,1.77,0.143141,47.6603,6.8251,31.6098,24.7846,-95.9782,1235.64,1236.23,1235.80,1234.12,0.379755,-0.479520,-0.812374,1.412099,12.660889,3.433465,0.219450,2.637076,-0.102182,-0.049008,0.000951,-0.332854,1.192129,1.192129,-,E50>E100>E20>E200,Btw_200-100,RANGE,1,-0.712298,-0.370615,-0.341683,35.3640,23.1462,-64.7273,2.796203,0.254233,0,0,0.0000,0.00,0.000000,0.0000,0.0000,0.0000,0.0000,0.0000,0.00,0.00,0.00,0.00,0.000000,0.000000,0.000000,0.000000,0.000000,0.000000,0.000000,0.000000,0.000000,0.000000,0.000000,0.000000,0.000000,0.000000,,,,,0,0.000000,0.000000,0.000000,0.0000,0.0000,0.0000,0.000000,0.000000,0,0,0.0000,0.00,0.000000,0.0000,0.0000,0.0000,0.0000,0.0000,0.00,0.00,0.00,0.00,0.000000,0.000000,0.000000,0.000000,0.000000,0.000000,0.000000,0.000000,0.000000,0.000000,0.000000,0.000000,0.000000,0.000000,,,,,0,0.000000,0.000000,0.000000,0.0000,0.0000,0.0000,0.000000,0.000000,0,0,0.0000,0.00,0.000000,0.0000,0.0000,0.0000,0.0000,0.0000,0.00,0.00,0.00,0.00,0.000000,0.000000,0.000000,0.000000,0.000000,0.000000,0.000000,0.000000,0.000000,0.000000,0.000000,0.000000,0.000000,0.000000,,,,,0,0.000000,0.000000,0.000000,0.0000,0.0000,0.0000,0.000000,0.000000,0,0,0.0000,0.00,0.000000,0.0000,0.0000,0.0000,0.0000,0.0000,0.00,0.00,0.00,0.00,0.000000,0.000000,0.000000,0.000000,0.000000,0.000000,0.000000,0.000000,0.000000,0.000000,0.000000,0.000000,0.000000,0.000000,,,,,0,0.000000,0.000000,0.000000,0.0000,0.0000,0.0000,0.000000,0.000000,0,2,1,0,0
5,4,2014.01.07 23:45:17,BUY,PROFILE_D_FULL,DEEP_4_5,4,2.13,NET_BASKET_BE,23,2,1,Asia,1230.91,1230.91,1230.41,1230.41,1230.34,12.2928,21.1214,27.5967,7,8,15,1.142857,15.303840,0.713568,0.000000,3,1,40.0538,0.10,0.008085,34.4990,26.5805,29.9280,3.3475,-15.9252,1230.78,1231.14,1231.36,1231.23,-5.977064,-1.394140,-5.055932,1.443500,14.162786,-1.680731,-0.006900,0.742537,-0.305417,-0.268698,-0.071937,-3.661792,-0.921132,5.912388,-,E100>E200>E50>E20,Down_EMA200,RANGE,0,-0.212117,-0.228688,0.016572,61.8838,44.0394,-58.9136,7.997329,0.356987,0,1,40.8191,0.36,0.029131,34.9488,8.0176,28.0771,20.0595,-95.6294,1231.31,1231.15,1231.55,1233.36,-7.592578,-1.886248,-1.442538,-0.811532,12.457234,3.335976,-0.063450,0.530522,-0.216240,-0.052680,-0.075093,0.443710,-6.150040,6.150040,-,E200>E100>E20>E50,Down_EMA200,RANGE,0,-0.185153,0.034221,-0.219374,24.1705,21.7426,-85.2130,6.341442,0.095123,0,1,46.3170,0.95,0.077358,31.2359,11.2535,13.2099,1.9564,-95.4068,1231.05,1232.37,1234.45,1234.60,-4.159829,-0.429565,-1.816506,-1.754472,-33.419129,-3.818999,0.008450,1.046441,0.007899,-0.056706,-0.036921,-1.386940,-2.343324,3.730264,-,E200>E100>E50>E20,Down_EMA20,DOWN,0,-0.016754,0.022900,-0.039655,19.5377,29.8769,-88.6320,4.199908,0.434060,0,0,0.0000,0.00,0.000000,0.0000,0.0000,0.0000,0.0000,0.0000,0.00,0.00,0.00,0.00,0.000000,0.000000,0.000000,0.000000,0.000000,0.000000,0.000000,0.000000,0.000000,0.000000,0.000000,0.000000,0.000000,0.000000,,,,,0,0.000000,0.000000,0.000000,0.0000,0.0000,0.0000,0.000000,0.000000,0,0,0.0000,0.00,0.000000,0.0000,0.0000,0.0000,0.0000,0.0000,0.00,0.00,0.00,0.00,0.000000,0.000000,0.000000,0.000000,0.000000,0.000000,0.000000,0.000000,0.000000,0.000000,0.000000,0.000000,0.000000,0.000000,,,,,0,0.000000,0.000000,0.000000,0.0000,0.0000,0.0000,0.000000,0.000000,0,0,0.0000,0.00,0.000000,0.0000,0.0000,0.0000,0.0000,0.0000,0.00,0.00,0.00,0.00,0.000000,0.000000,0.000000,0.000000,0.000000,0.000000,0.000000,0.000000,0.000000,0.000000,0.000000,0.000000,0.000000,0.000000,,,,,0,0.000000,0.000000,0.000000,0.0000,0.0000,0.0000,0.000000,0.000000,0,3,0,0,0
13,7,2014.01.10 12:43:00,BUY,PROFILE_D_FULL,SINGLE_STEP,1,2.01,EMA->TP1,12,5,1,Overlap,1233.23,1233.23,1232.88,1232.79,1232.73,30.4544,30.9738,38.3422,9,8,17,0.888889,7.887796,1.422434,0.000000,4,1,43.1951,0.10,0.008496,20.2467,17.5234,16.2972,1.2262,-56.3840,1233.05,1233.24,1233.29,1233.37,-4.785390,-1.768065,-3.589492,0.704116,10.312445,-0.460590,-0.024200,0.464009,-0.244199,-0.164002,-0.050243,-1.821428,-1.195897,3.017325,+,E200>E100>E50>E20,Down_EMA20,DOWN,0,-0.153386,-0.142947,-0.010439,32.0826,28.4706,-72.8516,9.195043,0.274030,0,1,44.4630,0.53,0.043111,13.9083,16.7037,22.0429,5.3392,-138.0687,1233.26,1233.38,1233.18,1232.02,1.596145,-0.743123,-0.967249,-0.612557,-30.328174,-0.454356,-0.064700,0.621637,-0.033258,-0.019306,0.022047,-0.224125,2.563393,2.563393,-,E50>E20>E100>E200,Btw_200-100,RANGE,1,-0.047745,0.048325,-0.096071,16.7634,24.1376,-93.2785,2.566691,0.183843,0,1,46.9272,1.18,0.095732,16.1323,15.1240,14.5575,0.5665,-24.1775,1233.35,1232.62,1231.09,1230.05,2.388354,-0.407878,0.211667,-0.640636,0.537755,-0.629518,-0.017100,0.932451,-0.012364,0.023675,0.027850,0.619545,2.176687,2.796232,+,E20>E50>E100>E200,Btw_50-20,UP,1,-0.059650,-0.035287,-0.024363,21.7529,40.0357,-56.2391,3.201315,0.335629,0,1,51.6681,1.13,0.091555,29.8667,20.3797,12.1728,8.2069,-67.5947,1232.98,1231.15,1230.11,1229.17,3.276621,-0.097215,1.518849,0.303415,7.061250,-0.383931,-0.262150,0.462697,0.035255,0.084110,0.037555,1.616064,1.757772,3.373836,+,E20>E50>E100>E200,Btw_50-20,UP,1,0.739235,1.147613,-0.408377,60.3746,59.4289,-77.4082,4.271711,0.293672,0,0,0.0000,0.00,0.000000,0.0000,0.0000,0.0000,0.0000,0.0000,0.00,0.00,0.00,0.00,0.000000,0.000000,0.000000,0.000000,0.000000,0.000000,0.000000,0.000000,0.000000,0.000000,0.000000,0.000000,0.000000,0.000000,,,,,0,0.000000,0.000000,0.000000,0.0000,0.0000,0.0000,0.000000,0.000000,0,0,0.0000,0.00,0.000000,0.0000,0.0000,0.0000,0.0000,0.0000,0.00,0.00,0.00,0.00,0.000000,0.000000,0.000000,0.000000,0.000000,0.000000,0.000000,0.000000,0.000000,0.000000,0.000000,0.000000,0.000000,0.000000,,,,,0,0.000000,0.000000,0.000000,0.0000,0.0000,0.0000,0.000000,0.000000,0,4,3,3,0
14,8,2014.01.10 17:19:00,BUY,PROFILE_D_FULL,SINGLE_STEP,1,2.02,EMA->TP1,17,5,1,NewYork,1244.14,1244.14,1243.56,1243.46,1243.22,30.7902,35.7796,36.0790,3,8,11,2.666667,5.288768,1.664160,0.000000,5,1,49.2596,0.20,0.016040,25.1693,15.9400,21.0205,5.0805,41.6698,1243.77,1243.97,1243.98,1242.88,4.593181,0.110420,-0.888696,1.418722,41.280353,0.349455,-0.016200,0.711230,-0.079147,-0.073381,0.038977,-0.999116,5.481877,5.519533,-,E100>E50>E20>E200,Btw_50-20,RANGE,1,-0.097307,-0.103489,0.006183,74.4816,60.5032,-26.4516,4.143669,0.502601,0,1,51.3557,0.61,0.049245,21.7530,10.4622,18.8494,8.3873,-72.2704,1243.92,1242.11,1239.41,1236.28,12.266445,-0.213078,2.747567,-0.103666,0.388349,-0.386402,-0.023950,0.836463,-0.016181,0.126449,0.126989,2.960645,9.518877,12.479522,-,E20>E50>E100>E200,Btw_50-20,UP,1,0.303705,0.553834,-0.250130,41.8002,49.7356,-78.9823,4.548716,0.295574,0,1,61.7735,0.99,0.079254,19.8820,9.5238,10.0083,0.4844,-5.3004,1241.58,1237.74,1234.51,1232.07,11.892192,2.242195,6.144149,-1.876425,-18.224066,-2.799806,-0.183450,0.517998,0.299628,0.275380,0.122752,3.901953,5.748043,9.649996,-,E20>E50>E100>E200,Up_EMA20,UP,1,2.569993,2.910583,-0.340590,22.7175,21.4175,-42.5543,19.566858,0.639200,0,1,65.7437,1.90,0.152859,34.6741,16.5061,7.9326,8.5735,66.7685,1238.67,1234.47,1232.06,1230.27,7.115222,2.693922,4.901881,-0.368983,-28.160061,1.556296,-1.458650,0.206781,0.389211,0.231462,0.076402,2.207959,2.213341,4.421300,+,E20>E50>E100>E200,Up_EMA20,UP,1,3.332564,2.221645,1.110920,47.9534,67.7061,-19.1045,11.205164,0.807203,0,0,0.0000,0.00,0.000000,0.0000,0.0000,0.0000,0.0000,0.0000,0.00,0.00,0.00,0.00,0.000000,0.000000,0.000000,0.000000,0.000000,0.000000,0.000000,0.000000,0.000000,0.000000,0.000000,0.000000,0.000000,0.000000,,,,,0,0.000000,0.000000,0.000000,0.0000,0.0000,0.0000,0.000000,0.000000,0,0,0.0000,0.00,0.000000,0.0000,0.0000,0.0000,0.0000,0.0000,0.00,0.00,0.00,0.00,0.000000,0.000000,0.000000,0.000000,0.000000,0.000000,0.000000,0.000000,0.000000,0.000000,0.000000,0.000000,0.000000,0.000000,,,,,0,0.000000,0.000000,0.000000,0.0000,0.0000,0.0000,0.000000,0.000000,0,4,4,1,0
18,10,2014.01.15 16:12:00,SELL,PROFILE_D_FULL,SINGLE_STEP,1,2.91,EMA->TP1,16,3,1,NewYork,1241.24,1241.24,1241.79,1242.24,1242.26,74.3427,73.8853,61.3260,10,4,14,0.400000,13.016682,0.914894,0.000000,3,1,55.8366,0.52,0.041652,22.6563,18.1286,20.0871,1.9585,-60.8412,1241.10,1239.99,1238.95,1238.31,5.672998,0.282653,2.428813,-1.631153,-23.118122,-2.044055,0.007550,1.078769,0.115632,0.136406,0.065075,2.146160,3.244186,5.390345,-,E20>E50>E100>E200,Up_EMA20,UP,1,0.552720,0.694071,-0.141351,30.1509,43.3211,-62.6543,5.171665,0.505460,0,1,65.5282,1.33,0.107131,51.1482,24.7807,6.1598,18.6209,109.5798,1239.09,1238.32,1238.60,1240.05,0.898637,1.616280,2.196458,0.571048,-4.132312,3.254217,-0.020900,0.927140,0.202628,0.093303,0.008113,0.580178,-1.297821,1.297821,+,E200>E20>E100>E50,Up_EMA200,RANGE,1,1.099612,0.620331,0.479281,85.1290,85.7734,-16.0221,5.658668,0.874930,0,1,63.5031,2.24,0.180303,27.0843,28.0948,10.8255,17.2693,194.4407,1238.46,1239.33,1241.46,1243.14,-0.846587,1.243462,0.853241,3.302219,45.737548,0.080362,0.060700,1.156888,0.064030,0.002266,-0.017170,-0.390222,-1.699827,2.090049,+,E200>E100>E50>E20,Btw_100-50,DOWN,0,0.150214,-0.492476,0.642690,80.7882,81.9352,-12.6622,2.515080,1.044855,0,1,55.7027,2.69,0.217020,23.6256,25.5510,14.5245,11.0265,187.6266,1239.22,1241.54,1243.15,1241.53,-0.107564,0.750725,-0.110904,3.677844,58.453976,-0.211143,-0.050300,0.914608,-0.005524,-0.042728,-0.010172,-0.861629,0.003340,1.458889,+,E100>E50>E200>E20,Btw_50-20,RANGE,0,-0.687370,-1.278556,0.591186,82.5133,68.3629,-12.6622,2.448301,0.860388,0,1,48.5314,4.17,0.335893,16.1576,22.6086,19.3403,3.2683,103.2728,1240.82,1243.12,1241.58,1236.01,1.254283,0.102032,-0.450754,1.846803,35.346198,-0.189685,0.344700,1.704692,-0.056448,-0.045301,0.006815,-0.552786,1.705038,1.705038,+,E50>E100>E20>E200,Btw_50-20,RANGE,1,-1.958994,-2.477147,0.518153,78.5837,60.2544,-13.8444,2.212572,0.597948,0,0,0.0000,0.00,0.000000,0.0000,0.0000,0.0000,0.0000,0.0000,0.00,0.00,0.00,0.00,0.000000,0.000000,0.000000,0.000000,0.000000,0.000000,0.000000,0.000000,0.000000,0.000000,0.000000,0.000000,0.000000,0.000000,,,,,0,0.000000,0.000000,0.000000,0.0000,0.0000,0.0000,0.000000,0.000000,0,5,2,1,0
26,14,2014.01.17 07:56:01,BUY,PROFILE_D_FULL,SINGLE_STEP,1,2.73,EMA->TP1,7,5,1,London,1241.00,1241.00,1240.54,1240.40,1239.77,17.6845,36.4064,37.3693,14,5,19,0.357143,19.684827,1.724405,0.000000,3,1,43.8958,0.45,0.036410,22.0277,21.2420,24.0041,2.7621,8.8616,1240.93,1241.76,1242.39,1242.74,-4.459286,-0.468972,-2.289053,0.900266,5.243608,-1.369451,-0.033750,0.728042,-0.151349,-0.133780,-0.053402,-1.820081,-2.170232,3.990313,-,E200>E100>E50>E20,Down_EMA20,DOWN,0,-0.433580,-0.474065,0.040485,45.5944,26.7677,-51.8612,4.090272,0.407213,0,1,35.1152,1.05,0.084930,43.9511,9.0042,24.2934,15.2892,-100.3373,1242.18,1242.68,1242.65,1242.20,-1.398260,-1.386627,-1.854766,1.901263,35.279056,2.226960,0.010750,1.053750,-0.173853,-0.078872,-0.013444,-0.468139,0.456506,0.468139,-,E50>E100>E200>E20,Down_EMA200,RANGE,0,-0.694117,-0.288588,-0.405529,24.3120,20.6050,-79.8441,4.953562,0.121931,0,1,34.2996,1.70,0.137118,18.8356,16.1610,32.3323,16.1713,-161.3922,1242.73,1242.45,1241.87,1241.83,-0.651253,-1.182352,-1.015750,-4.113430,-43.655819,0.370694,0.143200,1.726719,-0.044296,-0.004915,0.002927,0.166602,0.364497,0.531099,-,E20>E50>E100>E200,Down_EMA200,UP,0,-0.160932,0.193487,-0.354418,15.6981,22.1389,-79.8441,2.184207,-0.088178,0,1,41.3636,1.90,0.153419,17.8708,13.6481,26.7767,13.1286,-211.7957,1242.61,1241.87,1241.82,1241.35,-0.329627,-0.989260,-0.601959,-2.661794,-33.494143,-0.558914,0.157250,1.703737,0.018973,0.026047,0.009099,0.387301,0.272333,0.659633,-,E20>E50>E100>E200,Down_EMA200,UP,0,0.315979,0.578260,-0.262280,42.3073,65.0127,-79.8441,1.753568,-0.128626,1,1,46.1881,2.78,0.223801,22.1959,11.7929,18.9336,7.1407,-89.6067,1242.01,1241.82,1241.38,1237.58,1.132914,-0.462142,-0.393645,-2.987219,-48.644312,-1.758259,0.250850,1.823810,0.032749,0.014796,0.019142,0.068497,1.526559,1.595056,-,E20>E50>E100>E200,Btw_200-100,UP,1,0.579490,0.610371,-0.030881,59.4918,62.5808,-79.8441,2.440908,0.342176,0,0,0.0000,0.00,0.000000,0.0000,0.0000,0.0000,0.0000,0.0000,0.00,0.00,0.00,0.00,0.000000,0.000000,0.000000,0.000000,0.000000,0.000000,0.000000,0.000000,0.000000,0.000000,0.000000,0.000000,0.000000,0.000000,,,,,0,0.000000,0.000000,0.000000,0.0000,0.0000,0.0000,0.000000,0.000000,0,5,1,0,1
30,16,2014.01.17 20:52:02,BUY,PROFILE_D_FULL,SINGLE_STEP,1,7.32,EMA->TP1,20,5,1,NewYork,1252.52,1252.52,1251.67,1251.67,1251.56,26.7671,36.0387,57.3955,5,7,12,1.400000,30.628366,0.528814,0.000000,6,1,54.1459,0.22,0.017670,15.8156,21.4057,19.8351,1.5705,183.8975,1251.94,1252.14,1252.25,1252.03,0.562647,0.971460,0.088256,1.571589,19.578774,-0.155114,-0.009550,0.822491,0.016345,-0.036545,-0.003942,-0.883203,0.474391,1.380002,+,E100>E50>E200>E20,Btw_100-50,RANGE,1,-0.059645,-0.141998,0.082353,83.1061,63.4099,-12.3726,3.104240,0.966357,0,1,49.3374,0.43,0.034600,25.8061,15.6344,17.9434,2.3090,-57.9367,1252.21,1251.77,1250.04,1247.48,10.802447,-0.126236,0.900707,0.909867,5.947973,0.009568,-0.011450,0.883282,-0.117974,0.004075,0.102347,1.026944,9.901739,10.928683,-,E20>E50>E100>E200,Btw_50-20,UP,1,-0.083606,0.061916,-0.145523,29.3419,14.0533,-69.7031,4.263315,0.403848,0,1,57.8105,0.72,0.057720,24.3041,21.0370,20.3434,0.6936,-61.5812,1251.54,1248.70,1246.10,1244.23,10.966397,0.852360,4.778556,-0.719432,-11.094256,-0.197040,-0.079150,0.646178,0.133543,0.221161,0.114870,3.926196,6.187841,10.114037,+,E20>E50>E100>E200,Up_EMA20,UP,1,1.237159,1.669624,-0.432465,18.6473,28.7162,-66.6566,3.306215,0.377488,0,1,65.7524,0.99,0.078684,30.7761,26.4491,16.4541,9.9950,26.0518,1249.58,1246.16,1244.26,1242.76,9.535847,2.617370,6.086948,-0.588749,-9.090503,1.500163,-0.189000,0.510426,0.365455,0.278714,0.099948,3.469578,3.448899,6.918477,+,E20>E50>E100>E200,Up_EMA20,UP,1,2.544516,2.673843,-0.129327,35.0189,39.8993,-34.4871,18.343909,0.684437,0,1,67.2315,2.38,0.190352,33.9824,19.8135,6.1097,13.7038,79.6238,1247.17,1244.38,1242.85,1238.80,5.603398,2.093046,3.263147,-0.146750,-20.077884,2.816588,-0.514050,0.481151,0.299329,0.154441,0.059824,1.170101,2.340251,3.510352,+,E20>E50>E100>E200,Up_EMA20,UP,1,2.951931,1.816814,1.135117,66.5681,75.3478,-15.9202,7.797872,0.837799,0,0,0.0000,0.00,0.000000,0.0000,0.0000,0.0000,0.0000,0.0000,0.00,0.00,0.00,0.00,0.000000,0.000000,0.000000,0.000000,0.000000,0.000000,0.000000,0.000000,0.000000,0.000000,0.000000,0.000000,0.000000,0.000000,,,,,0,0.000000,0.000000,0.000000,0.0000,0.0000,0.0000,0.000000,0.000000,0,5,5,4,0
43,22,2014.01.22 07:50:01,SELL,PROFILE_D_FULL,SINGLE_STEP,1,2.00,EMA->TP1,7,3,1,London,1241.38,1241.38,1241.57,1241.65,1241.94,81.4317,67.6650,58.2408,6,4,10,0.666667,23.190937,1.804878,0.000000,4,1,57.3191,0.21,0.016514,28.2576,27.3020,19.8036,7.4984,9.1519,1241.19,1240.81,1240.80,1241.18,0.981519,0.939898,2.784152,-3.407931,-33.023425,0.139529,-0.020000,0.672131,0.187297,0.146738,0.015624,1.844255,-1.802634,1.922602,+,E20>E200>E50>E100,Up_EMA200,RANGE,1,0.283870,0.293509,-0.009639,10.1796,28.2257,-48.3592,7.025199,0.641511,0,1,56.4947,0.58,0.047085,29.2971,25.2844,9.6821,15.6023,120.3228,1240.83,1241.32,1241.78,1242.81,-2.448757,0.941471,0.099430,2.982772,14.341880,1.171859,-0.011050,0.913638,0.093379,-0.006921,-0.027910,-0.842041,-2.548188,3.390229,+,E200>E100>E50>E20,Btw_100-50,DOWN,0,-0.081444,-0.372709,0.291265,79.6999,80.5083,-20.8955,4.103464,0.925937,0,1,48.2772,0.97,0.078300,29.3293,20.1924,15.2692,4.9232,12.8435,1241.45,1242.20,1244.00,1245.96,-4.708840,-0.066206,-0.842259,3.401859,40.080817,-1.041452,-0.090600,0.682105,-0.083121,-0.064611,-0.054827,-0.776053,-3.866581,4.642634,+,E200>E100>E50>E20,Down_EMA20,DOWN,0,-0.447127,-0.389158,-0.057969,82.5529,59.6461,-48.3557,4.922314,0.408068,0,1,44.2326,1.78,0.143469,21.2432,19.4881,19.1295,0.3586,-66.3338,1241.98,1244.02,1245.97,1245.96,-2.570361,-0.332880,-1.482400,-0.620570,-15.326975,0.415363,0.188400,2.122765,-0.078794,-0.077415,-0.029031,-1.149519,-1.087961,2.240482,+,E100>E200>E50>E20,Down_EMA200,RANGE,0,-0.694648,-0.539774,-0.154874,37.8141,29.6005,-50.6288,2.089517,0.314896,0,1,39.1076,1.91,0.153559,26.7095,8.4105,23.8555,15.4450,-124.0600,1243.36,1246.02,1246.02,1242.74,-0.709874,-1.036402,-2.433030,0.408270,-32.114742,0.547010,0.021400,1.059469,-0.103149,-0.095417,-0.004233,-1.396628,1.723156,1.723429,-,E100>E50>E20>E200,Down_EMA200,RANGE,0,-1.956976,-2.302949,0.345973,39.8947,49.5155,-56.6462,3.397852,0.394946,0,0,0.0000,0.00,0.000000,0.0000,0.0000,0.0000,0.0000,0.0000,0.00,0.00,0.00,0.00,0.000000,0.000000,0.000000,0.000000,0.000000,0.000000,0.000000,0.000000,0.000000,0.000000,0.000000,0.000000,0.000000,0.000000,,,,,0,0.000000,0.000000,0.000000,0.0000,0.0000,0.0000,0.000000,0.000000,0,5,4,1,0
47,24,2014.01.22 16:19:00,SELL,PROFILE_D_FULL,SINGLE_STEP,1,2.04,EMA->TP1,16,3,1,NewYork,1240.79,1240.79,1240.68,1241.16,1241.22,68.4251,66.4171,54.5490,7,6,13,0.857143,13.876064,2.825688,0.000000,3,1,55.5375,0.19,0.015373,27.7705,14.0225,18.4368,4.4144,-64.6730,1240.75,1240.40,1240.36,1240.50,1.540553,0.242983,2.064366,-2.363513,-33.497633,-2.555451,0.004500,1.133730,0.102361,0.117993,0.022237,1.821383,-0.523813,2.004209,-,E20>E200>E50>E100,Up_EMA200,RANGE,1,0.221623,0.292633,-0.071010,8.4034,21.0780,-56.8548,4.818672,0.490372,0,1,53.3854,0.44,0.035441,35.8822,28.7108,7.7162,20.9945,96.3870,1240.39,1240.55,1240.70,1241.33,-1.224741,0.920422,0.548866,0.514868,17.751741,1.907255,-0.075050,0.539571,0.109643,0.019522,-0.013836,-0.371556,-1.773607,2.145163,+,E200>E100>E50>E20,Btw_200-100,DOWN,0,-0.040610,-0.305138,0.264528,85.8084,90.1482,-14.7541,8.108314,0.634296,0,1,50.7624,1.01,0.081702,20.2374,24.1916,15.2690,8.9226,19.6489,1240.61,1240.94,1242.25,1244.36,-3.518270,0.181845,-0.142985,0.435612,12.233252,-0.285802,-0.064550,0.758511,-0.049970,-0.034417,-0.042937,-0.324830,-3.375285,3.700115,+,E200>E100>E50>E20,Btw_50-20,DOWN,0,-0.070385,-0.023770,-0.046615,74.5985,54.9486,-46.9157,3.271565,0.483009,0,1,49.3753,2.05,0.164995,16.5620,21.9531,15.0024,6.9507,24.6920,1240.71,1242.20,1244.33,1245.07,-2.089797,0.041272,-0.688592,0.377176,-11.796295,-1.195541,-0.094150,0.813046,-0.021754,-0.039626,-0.023524,-0.729863,-1.401205,2.131068,+,E200>E100>E50>E20,Btw_50-20,DOWN,0,-0.369097,-0.452389,0.083292,36.6501,31.4129,-48.6986,1.961883,0.618848,1,1,42.9022,2.41,0.194593,21.4049,10.7615,14.5824,3.8208,-11.3263,1241.57,1244.27,1245.06,1242.51,-0.712309,-0.321518,-1.438170,0.260567,3.721511,-2.102142,0.016300,1.034934,-0.041336,-0.063521,-0.007262,-1.116652,0.725861,1.444469,-,E100>E50>E200>E20,Down_EMA200,RANGE,0,-1.390437,-1.849823,0.459386,52.0675,53.0064,-49.4808,2.121950,0.428203,0,0,0.0000,0.00,0.000000,0.0000,0.0000,0.0000,0.0000,0.0000,0.00,0.00,0.00,0.00,0.000000,0.000000,0.000000,0.000000,0.000000,0.000000,0.000000,0.000000,0.000000,0.000000,0.000000,0.000000,0.000000,0.000000,,,,,0,0.000000,0.000000,0.000000,0.0000,0.0000,0.0000,0.000000,0.000000,0,5,4,2,1
55,28,2014.01.28 02:18:04,SELL,PROFILE_D_FULL,SINGLE_STEP,1,2.03,TP1->EMA->TP1,2,2,1,Asia,1258.56,1258.56,1258.60,1258.86,1258.92,83.4758,76.1844,66.6338,5,7,12,1.400000,16.842011,2.327273,0.000000,6,1,51.1885,0.14,0.010925,21.8266,15.8225,23.0783,7.2558,-178.7715,1258.62,1258.26,1257.81,1257.32,9.012359,-0.415504,2.222277,-2.540086,-53.107777,-1.795558,-0.014050,0.661853,0.101875,0.155246,0.105997,2.637781,6.790083,9.427864,-,E20>E50>E100>E200,Btw_50-20,UP,1,0.158175,0.215707,-0.057532,11.7021,47.1309,-84.0909,5.258358,0.338871,0,1,63.7848,0.39,0.031186,46.2175,34.5914,6.3616,28.2297,116.6064,1257.84,1257.30,1258.03,1260.30,-4.420225,1.845531,3.220522,0.494223,8.251590,3.714440,-0.003550,0.956734,0.251847,0.145409,-0.044851,1.374991,-7.640746,7.640746,+,E200>E100>E20>E50,Btw_200-100,RANGE,0,0.538569,0.458789,0.079780,84.4560,89.1331,-17.7885,8.551871,0.783500,0,1,54.3223,0.57,0.045548,33.5508,28.9661,9.0900,19.8761,124.6870,1257.46,1259.21,1261.47,1261.00,-4.255235,1.920547,-1.136081,0.790790,10.146133,1.505817,-0.084600,0.575408,0.194900,-0.071291,-0.048774,-3.056628,-3.119154,6.991628,+,E100>E200>E50>E20,Btw_50-20,RANGE,0,-0.050300,-0.555718,0.505418,93.4667,94.1146,-7.8707,8.830601,0.864954,0,1,47.6019,1.22,0.097174,20.1751,34.6833,15.5050,19.1783,95.1859,1258.51,1261.42,1260.95,1257.10,1.193981,0.042774,-2.336820,0.555445,22.882624,-0.043218,-0.181650,0.573842,-0.098701,-0.141372,0.003205,-2.379595,3.530801,3.530801,+,E50>E100>E20>E200,Btw_50-20,RANGE,1,-1.753009,-2.532951,0.779942,90.8148,78.3196,-41.5768,11.579940,0.525187,0,1,44.8945,2.28,0.180960,22.6714,25.1355,14.4467,10.6889,-14.5925,1260.73,1260.90,1257.14,1251.49,3.103668,-0.951538,-1.025271,1.827133,28.189361,-1.572878,-0.574100,0.442405,-0.178257,-0.064917,0.027211,-0.073733,4.128939,4.128939,+,E50>E20>E100>E200,Btw_100-50,RANGE,1,-2.296586,-1.923164,-0.373422,75.5430,59.3229,-52.1673,8.699832,0.341639,0,0,0.0000,0.00,0.000000,0.0000,0.0000,0.0000,0.0000,0.0000,0.00,0.00,0.00,0.00,0.000000,0.000000,0.000000,0.000000,0.000000,0.000000,0.000000,0.000000,0.000000,0.000000,0.000000,0.000000,0.000000,0.000000,,,,,0,0.000000,0.000000,0.000000,0.0000,0.0000,0.0000,0.000000,0.000000,0,5,2,1,0
61,31,2014.01.29 23:48:10,BUY,PROFILE_D_FULL,DEEP_4_5,5,-315.03,EMA->TP2->SL$,23,3,1,Asia,1267.66,1267.66,1266.68,1266.59,1266.57,28.4394,35.4264,43.9496,4,3,7,0.750000,15.510199,0.533019,0.000000,3,1,57.2535,0.21,0.016728,34.5689,25.1614,15.7600,9.4014,158.2955,1267.06,1267.21,1267.25,1266.68,2.986732,1.206153,0.461049,4.524696,56.025964,-1.961815,0.002950,1.074778,0.032165,-0.026245,0.019322,-0.745104,2.525683,2.710502,+,E100>E50>E20>E200,Up_EMA200,RANGE,1,-0.029017,-0.095939,0.066922,99.6165,86.1768,-0.5362,3.910727,0.854009,0,1,52.0545,0.46,0.036140,34.9183,11.4158,25.8591,14.4433,-37.4082,1267.20,1266.31,1264.77,1262.15,11.262505,0.236523,2.182564,-0.122917,0.897057,1.619834,-0.030650,0.749284,-0.043069,0.071691,0.109738,1.946041,9.079941,11.025982,-,E20>E50>E100>E200,Up_EMA20,UP,1,0.148217,0.306377,-0.158159,42.5452,46.6386,-61.0406,6.836611,0.408740,0,1,56.9600,0.86,0.067722,30.8727,15.7911,24.4549,8.6639,8.6369,1266.24,1263.58,1260.81,1259.26,9.384350,1.245869,4.351142,-1.167027,-19.518940,-3.457934,-0.296350,0.366774,0.129239,0.181763,0.093720,3.105273,5.033208,8.138481,-,E20>E50>E100>E200,Up_EMA20,UP,1,1.231187,1.474849,-0.243662,28.4339,27.8325,-33.3451,10.982051,0.649247,0,1,59.8022,1.93,0.151896,23.0740,14.1740,14.2258,0.0518,60.6454,1264.62,1260.96,1259.34,1257.64,5.023437,1.397301,3.296956,-0.433570,-4.950701,-0.993738,-0.989750,0.280051,0.220986,0.161199,0.055234,1.899654,1.726481,3.626135,-,E20>E50>E100>E200,Up_EMA20,UP,1,2.464792,2.378259,0.086532,54.6358,72.5119,-18.8131,4.652229,0.721790,0,1,62.8453,5.73,0.452119,33.1600,21.6156,20.4684,1.1473,80.6693,1262.13,1259.53,1257.77,1253.68,2.378825,0.905026,1.357753,1.023515,5.266547,-2.679011,0.431200,1.603288,0.113973,0.058465,0.023952,0.452728,1.021071,1.473799,+,E20>E50>E100>E200,Up_EMA20,UP,1,3.171932,2.497265,0.674667,86.3991,84.0441,-16.2337,3.928234,0.798319,0,0,0.0000,0.00,0.000000,0.0000,0.0000,0.0000,0.0000,0.0000,0.00,0.00,0.00,0.00,0.000000,0.000000,0.000000,0.000000,0.000000,0.000000,0.000000,0.000000,0.000000,0.000000,0.000000,0.000000,0.000000,0.000000,,,,,0,0.000000,0.000000,0.000000,0.0000,0.0000,0.0000,0.000000,0.000000,0,5,5,2,0
72,35,2014.01.31 13:40:00,SELL,PROFILE_D_FULL,SINGLE_STEP,1,3.96,EMA->TP1,13,5,1,Overlap,1252.85,1252.85,1253.47,1253.94,1254.91,83.7383,75.4589,69.1632,4,5,9,1.250000,14.575188,2.393020,0.000000,3,1,55.2595,0.60,0.048030,44.7002,21.6986,20.5457,1.1529,-95.4366,1252.75,1251.23,1249.79,1247.94,8.164675,0.175964,2.690972,-3.230043,-37.550694,-2.726306,0.007150,1.063163,0.155966,0.168654,0.095661,2.515007,5.473703,7.988710,+,E20>E50>E100>E200,Up_EMA20,UP,1,0.817247,1.026365,-0.209118,2.2990,24.4460,-87.8465,5.911860,0.481827,0,1,73.3853,1.31,0.104841,53.4514,31.0183,4.5707,26.4476,89.8198,1250.08,1247.51,1245.71,1245.45,5.635893,2.114567,4.067063,-0.383709,-47.754864,3.330212,-0.052850,0.832515,0.281030,0.181765,0.058105,1.952496,1.568831,3.521326,+,E20>E50>E100>E200,Up_EMA20,UP,1,1.754861,1.309820,0.445041,73.0806,83.0964,-28.6828,6.052029,0.896775,0,1,80.2163,2.30,0.183282,63.3020,40.0298,3.3480,36.6818,192.8561,1247.12,1245.32,1246.59,1249.95,1.263979,2.496180,3.281538,1.413965,11.677934,2.504069,0.050950,1.124786,0.200456,0.099978,0.002095,0.785358,-2.017559,2.017559,+,E200>E20>E100>E50,Up_EMA200,RANGE,1,2.283771,1.526534,0.757237,78.4231,71.4559,-17.1452,6.134742,0.984205,0,1,76.5018,3.10,0.247715,42.6320,40.3333,6.8038,33.5295,164.7357,1246.08,1246.78,1249.99,1252.72,0.041299,2.183636,1.956799,3.982220,6.882322,3.577548,0.179450,1.406686,0.177941,0.047978,-0.008841,-0.226838,-1.915499,2.142337,+,E200>E100>E50>E20,Up_EMA200,DOWN,1,1.638332,0.110098,1.528235,81.6242,80.3811,-12.5304,4.596216,1.073829,0,1,62.8463,4.53,0.361934,23.3604,34.1616,12.9798,21.1818,232.6540,1246.17,1250.00,1252.75,1252.16,0.152524,1.472921,0.628222,6.233189,101.264651,0.392542,0.420550,1.864706,0.046039,-0.024540,-0.010888,-0.844699,-0.475698,1.450961,+,E100>E200>E50>E20,Up_EMA200,RANGE,1,-1.030510,-2.885248,1.854738,86.2391,84.5245,-12.5304,2.407961,1.306226,0,0,0.0000,0.00,0.000000,0.0000,0.0000,0.0000,0.0000,0.0000,0.00,0.00,0.00,0.00,0.000000,0.000000,0.000000,0.000000,0.000000,0.000000,0.000000,0.000000,0.000000,0.000000,0.000000,0.000000,0.000000,0.000000,,,,,0,0.000000,0.000000,0.000000,0.0000,0.0000,0.0000,0.000000,0.000000,0,5,0,0,0
73,36,2014.01.31 17:01:01,SELL,PROFILE_D_FULL,SINGLE_STEP,1,2.28,EMA->TP1,17,5,1,NewYork,1242.21,1242.21,1243.34,1243.48,1243.54,70.4690,63.0493,54.2069,13,14,27,1.076923,16.262154,0.431670,0.000000,3,1,45.4983,0.46,0.037111,16.3982,19.9997,26.8779,6.8782,-130.4668,1242.60,1242.70,1243.78,1245.45,-7.032460,-0.854558,-1.054598,-2.326079,-35.703290,-0.289895,0.018250,1.246788,-0.002898,-0.006622,-0.062453,-0.200040,-5.977862,6.177902,-,E200>E100>E50>E20,Down_EMA20,DOWN,0,0.051244,0.134785,-0.083541,10.0592,30.0426,-97.3703,3.077460,0.102315,0,1,38.2327,0.88,0.071103,27.6130,17.3296,19.0131,1.6835,8.4217,1243.57,1245.64,1245.87,1245.78,-4.040038,-1.538750,-3.890064,0.085863,10.003400,-4.166273,-0.126000,0.583678,-0.154225,-0.156099,-0.037609,-2.351314,-0.149974,2.607180,-,E100>E200>E50>E20,Down_EMA200,RANGE,0,-1.536698,-1.959117,0.422418,45.7316,59.7819,-47.7617,8.249610,0.365888,0,1,37.4355,2.00,0.161366,39.2357,10.4129,22.8686,12.4557,-75.9144,1245.63,1245.60,1246.52,1249.49,-3.632692,-1.708594,-1.693603,-0.134394,14.902507,0.371725,-0.376100,0.515959,-0.220901,-0.075059,-0.037310,0.014991,-1.939089,1.939089,-,E200>E100>E20>E50,Down_EMA200,RANGE,0,-1.004568,0.248291,-1.252860,49.5021,36.1166,-79.7119,7.748350,0.150393,0,1,41.5401,3.41,0.274571,25.9405,16.1256,18.9240,2.7984,-101.3951,1245.38,1246.36,1249.36,1252.22,-2.934856,-0.929313,-1.216754,-5.460535,-39.186058,-3.566914,0.002050,1.003014,-0.089610,-0.041913,-0.027156,-0.287441,-1.718102,2.005543,-,E200>E100>E50>E20,Down_EMA20,DOWN,0,-0.104496,1.079741,-1.184236,18.9675,17.8929,-81.6295,4.626470,0.292595,0,1,40.9280,4.45,0.358474,19.7530,19.2729,22.4776,3.2047,-56.2847,1245.61,1249.21,1252.13,1251.87,-2.169252,-0.763113,-1.571648,-2.828655,-57.287080,-0.057722,0.097350,1.122723,0.006115,-0.030564,-0.012834,-0.808535,-0.597604,1.465251,-,E100>E200>E50>E20,Down_EMA200,RANGE,0,-1.184798,-1.678158,0.493360,19.2079,36.9255,-77.2749,2.687606,0.329026,0,0,0.0000,0.00,0.000000,0.0000,0.0000,0.0000,0.0000,0.0000,0.00,0.00,0.00,0.00,0.000000,0.000000,0.000000,0.000000,0.000000,0.000000,0.000000,0.000000,0.000000,0.000000,0.000000,0.000000,0.000000,0.000000,,,,,0,0.000000,0.000000,0.000000,0.0000,0.0000,0.0000,0.000000,0.000000,0,5,5,5,0
76,38,2014.02.04 01:05:00,BUY,PROFILE_D_FULL,SINGLE_STEP,1,2.09,EMA->TP1,1,2,2,Asia,1257.45,1257.45,1257.31,1256.71,1256.58,21.0991,21.8217,29.6428,5,14,19,2.800000,8.543676,3.867198,0.000000,3,1,48.1699,0.19,0.014974,24.2251,16.4409,20.2099,3.7690,29.5412,1257.12,1257.44,1257.66,1257.79,-3.444897,0.096690,-1.593234,1.436802,10.914567,0.759401,0.009150,1.321053,-0.133785,-0.124388,-0.048246,-1.689925,-1.851662,3.541587,-,E200>E100>E50>E20,Btw_50-20,DOWN,0,-0.149075,-0.166698,0.017623,85.2169,55.7909,-41.4508,4.126512,0.601826,0,1,43.2459,0.42,0.033111,44.2401,7.7999,27.0133,19.2134,-76.9992,1257.63,1257.81,1257.07,1254.39,6.621547,-1.166659,-1.601072,-0.165041,5.558751,2.207457,-0.024500,0.772622,-0.158438,-0.073442,0.067291,-0.434413,8.222619,8.222619,-,E50>E20>E100>E200,Btw_100-50,RANGE,1,-0.212068,-0.066681,-0.145387,42.9750,37.4296,-81.9026,7.750235,0.219175,0,1,48.4495,0.84,0.067196,19.4557,12.2695,25.3733,13.1038,-88.6352,1257.75,1255.70,1252.47,1250.61,7.730319,-0.718373,1.702344,-2.027919,-41.441546,-0.012232,-0.082150,0.672840,-0.063340,0.086757,0.082037,2.420717,6.027975,8.448691,-,E20>E50>E100>E200,Btw_50-20,UP,1,0.174104,0.412028,-0.237925,12.2595,16.1215,-76.5485,5.624230,0.356317,0,1,54.9728,1.71,0.136003,16.7631,15.6876,15.8171,0.1296,-79.5425,1256.55,1252.59,1250.70,1251.32,3.407385,0.348958,2.664344,-0.537706,-0.035213,-0.280233,-0.029500,0.920582,0.087763,0.133571,0.038672,2.315386,0.743041,3.419539,-,E20>E50>E200>E100,Up_EMA200,RANGE,1,1.936771,2.685143,-0.748372,21.1059,45.9008,-72.1253,7.450853,0.378987,0,1,58.4401,2.12,0.168915,21.0680,17.6600,15.4449,2.2151,18.0365,1253.91,1250.89,1251.42,1251.39,2.710060,1.523057,2.945883,-0.581066,-11.692324,-2.313572,-0.492850,0.462863,0.239841,0.145416,0.031320,1.422827,-0.235824,1.422827,+,E20>E100>E200>E50,Up_EMA200,RANGE,1,3.474741,3.581824,-0.107084,45.5619,38.5753,-41.1225,13.695624,0.661689,0,0,0.0000,0.00,0.000000,0.0000,0.0000,0.0000,0.0000,0.0000,0.00,0.00,0.00,0.00,0.000000,0.000000,0.000000,0.000000,0.000000,0.000000,0.000000,0.000000,0.000000,0.000000,0.000000,0.000000,0.000000,0.000000,,,,,0,0.000000,0.000000,0.000000,0.0000,0.0000,0.0000,0.000000,0.000000,0,5,4,1,0
79,40,2014.02.05 13:03:00,BUY,PROFILE_D_FULL,SINGLE_STEP,1,2.20,EMA->TP1,13,3,2,Overlap,1258.91,1258.91,1258.48,1258.47,1258.12,28.0739,28.5432,28.6549,5,11,16,2.200000,0.580973,1.054466,0.000000,3,1,49.1751,0.34,0.027352,16.2277,14.8238,14.9705,0.1467,49.3736,1258.60,1258.67,1258.44,1257.91,2.052457,0.046389,-0.151737,1.490852,19.193368,-0.959814,-0.005550,0.925403,-0.058148,-0.030611,0.015280,-0.198126,2.204194,2.204194,-,E50>E20>E100>E200,Btw_50-20,RANGE,1,-0.109635,-0.127212,0.017577,57.3737,33.5302,-52.9020,1.869053,0.578953,1,1,53.6166,0.59,0.046639,30.9413,16.3898,10.4858,5.9040,-85.8289,1258.45,1257.68,1256.71,1255.70,4.970475,0.271616,1.592810,-1.535905,-40.917912,-2.152930,-0.060400,0.660292,0.016180,0.064280,0.049550,1.321194,3.377665,4.698859,+,E20>E50>E100>E200,Up_EMA20,UP,1,0.328255,0.480453,-0.152198,17.2261,13.4926,-68.5888,3.612018,0.527709,0,1,62.1952,1.04,0.082988,37.0994,19.2612,9.1246,10.1366,53.5631,1257.59,1256.21,1255.22,1253.96,4.452399,0.982372,2.303947,-1.280829,-16.878485,2.208396,0.015500,1.080145,0.146895,0.109795,0.047593,1.321575,2.148451,3.470026,+,E20>E50>E100>E200,Up_EMA20,UP,1,0.915064,0.893343,0.021721,35.9776,57.7962,-36.2567,3.710365,0.761091,0,1,62.2480,1.36,0.107817,46.2836,26.7057,8.3115,18.3942,88.6175,1256.70,1255.29,1254.00,1253.14,4.030630,1.410468,2.449419,0.432865,-0.497618,1.382574,-0.064250,0.808580,0.174170,0.104825,0.040412,1.038951,1.581211,2.620162,+,E20>E50>E100>E200,Up_EMA20,UP,1,1.211940,0.966328,0.245612,68.3954,78.3143,-23.3110,5.464787,0.830218,0,1,63.6523,1.70,0.135188,46.2457,25.4154,4.3530,21.0624,115.2096,1255.72,1254.08,1253.21,1252.43,3.632138,1.700632,2.665278,1.146351,-13.422565,3.843136,0.003500,1.010392,0.176293,0.101617,0.033300,0.964645,0.966860,1.931506,+,E20>E50>E100>E200,Up_EMA20,UP,1,1.194395,0.618396,0.575999,77.1113,79.2694,-18.6341,4.789014,0.940915,0,0,0.0000,0.00,0.000000,0.0000,0.0000,0.0000,0.0000,0.0000,0.00,0.00,0.00,0.00,0.000000,0.000000,0.000000,0.000000,0.000000,0.000000,0.000000,0.000000,0.000000,0.000000,0.000000,0.000000,0.000000,0.000000,,,,,0,0.000000,0.000000,0.000000,0.0000,0.0000,0.0000,0.000000,0.000000,0,5,5,4,1
82,42,2014.02.10 07:43:03,BUY,PROFILE_D_FULL,SINGLE_STEP,1,2.00,EMA->TP1,7,1,2,London,1272.37,1272.37,1272.19,1272.01,1271.55,32.3450,32.5077,34.3459,8,8,16,1.000000,2.000936,2.397749,0.000000,3,1,44.4932,0.27,0.020948,24.6193,25.2414,22.2110,3.0305,8.8871,1272.30,1272.43,1272.00,1271.07,4.218393,-0.407059,-0.890579,1.152761,18.139753,-2.401137,0.003000,1.059642,-0.086902,-0.051962,0.040252,-0.483520,5.108972,5.108972,+,E50>E20>E100>E200,Btw_100-50,RANGE,1,-0.188280,-0.215050,0.026770,62.4917,54.2774,-56.4189,4.915132,0.404610,0,1,54.1646,0.80,0.062569,24.2545,14.2193,22.4312,8.2119,-117.9584,1272.06,1270.76,1269.33,1267.22,6.251814,0.165607,1.798298,-2.736451,-44.031810,-2.648899,0.028900,1.221796,0.045564,0.088686,0.066299,1.632691,4.453515,6.086207,-,E20>E50>E100>E200,Up_EMA20,UP,1,0.658005,0.922065,-0.264060,21.2263,25.2497,-72.3295,3.149144,0.385927,0,1,65.6188,1.34,0.105605,33.6121,23.6774,15.3715,8.3058,56.8734,1270.58,1268.25,1265.72,1262.80,6.987417,1.200138,2.931203,-1.437911,-29.335039,1.332829,-0.172350,0.609228,0.212450,0.149486,0.076245,1.731065,4.056214,5.787280,+,E20>E50>E100>E200,Up_EMA20,UP,1,1.436286,1.112467,0.323819,62.8989,68.6216,-37.9037,5.380917,0.767724,0,1,67.9972,2.55,0.200147,29.2608,22.6827,15.9476,6.7352,106.5655,1269.10,1265.84,1262.90,1259.75,4.886464,1.212761,2.493932,1.580776,14.947261,-0.114984,0.379400,3.921833,0.150207,0.106828,0.049130,1.281171,2.392532,3.673703,+,E20>E50>E100>E200,Up_EMA20,UP,1,2.084175,1.793765,0.290410,69.0581,68.3261,-25.5870,3.290165,0.883434,0,1,69.8919,2.35,0.184642,68.3771,36.0748,5.7171,30.3577,154.9193,1266.81,1262.97,1259.79,1256.78,6.562118,2.293054,3.927170,0.635575,8.812415,0.362745,-0.094550,0.832462,0.209607,0.141329,0.059452,1.634116,2.634948,4.269064,+,E20>E50>E100>E200,Up_EMA20,UP,1,2.837078,2.344048,0.493030,73.6486,75.7194,-18.5050,6.554557,0.906111,0,0,0.0000,0.00,0.000000,0.0000,0.0000,0.0000,0.0000,0.0000,0.00,0.00,0.00,0.00,0.000000,0.000000,0.000000,0.000000,0.000000,0.000000,0.000000,0.000000,0.000000,0.000000,0.000000,0.000000,0.000000,0.000000,,,,,0,0.000000,0.000000,0.000000,0.0000,0.0000,0.0000,0.000000,0.000000,0,5,5,4,0
83,43,2014.02.11 12:44:00,BUY,PROFILE_D_FULL,SINGLE_STEP,1,2.11,EMA->TP1,12,2,2,Overlap,1284.54,1284.54,1284.16,1283.83,1283.73,34.5747,43.6371,46.6055,25,3,28,0.120000,12.030819,2.572714,0.000000,5,1,50.3346,0.17,0.012985,16.0381,14.9563,11.4180,3.5383,18.3549,1284.13,1284.24,1284.22,1284.10,0.472561,0.280272,-0.368485,0.722314,20.466756,-0.853546,-0.050350,0.398447,-0.045531,-0.046025,-0.002233,-0.648756,0.841045,0.841045,+,E50>E100>E20>E200,Btw_50-20,RANGE,1,-0.055870,-0.067920,0.012050,67.9379,54.8589,-48.8453,4.298604,0.591310,0,1,49.8849,0.69,0.053634,30.9346,14.9067,13.6618,1.2449,-75.6140,1284.24,1284.04,1283.44,1281.42,3.999079,-0.090138,0.193498,-1.128870,-27.189179,-5.033437,-0.000600,0.995663,-0.026065,0.002834,0.039576,0.283636,3.805581,4.089217,+,E20>E50>E100>E200,Btw_50-20,UP,1,0.087261,0.186594,-0.099333,56.6766,46.8203,-63.7590,2.066099,0.376109,0,1,52.7575,1.22,0.094964,20.1213,17.3205,12.9177,4.4028,17.5492,1284.00,1282.52,1279.38,1274.24,8.147357,0.146140,1.357600,-0.417907,-2.414251,0.611404,-0.034650,0.875606,0.038442,0.067087,0.085193,1.211460,6.789757,8.001217,+,E20>E50>E100>E200,Up_EMA20,UP,1,0.358101,0.374838,-0.016737,42.4320,53.0321,-41.4604,2.595140,0.552547,0,1,57.1064,1.53,0.119240,18.4640,16.0443,12.8650,3.1793,12.2844,1283.22,1279.53,1274.39,1268.12,10.483414,0.627385,3.035562,0.287830,23.782428,-0.509069,-0.157200,0.660805,0.093029,0.138487,0.108449,2.408177,7.447852,9.856029,+,E20>E50>E100>E200,Up_EMA20,UP,1,1.420199,1.766538,-0.346339,62.7478,65.0228,-43.0953,2.008023,0.581664,0,1,64.6573,2.29,0.178538,33.0571,16.7846,7.5865,9.1981,46.1641,1281.01,1274.57,1268.25,1262.24,9.566012,1.382569,4.189388,-1.170907,-5.956023,-0.862011,-0.090700,0.834866,0.184960,0.187368,0.098519,2.806819,5.376624,8.183443,+,E20>E50>E100>E200,Up_EMA20,UP,1,3.482433,3.862315,-0.379883,62.0909,57.3627,-23.7546,7.824384,0.692616,0,0,0.0000,0.00,0.000000,0.0000,0.0000,0.0000,0.0000,0.0000,0.00,0.00,0.00,0.00,0.000000,0.000000,0.000000,0.000000,0.000000,0.000000,0.000000,0.000000,0.000000,0.000000,0.000000,0.000000,0.000000,0.000000,,,,,0,0.000000,0.000000,0.000000,0.0000,0.0000,0.0000,0.000000,0.000000,0,5,5,5,0
89,46,2014.02.14 01:03:00,BUY,PROFILE_D_FULL,SINGLE_STEP,1,2.06,EMA->TP1,1,5,2,Asia,1302.82,1302.82,1301.57,1301.42,1301.20,25.3796,35.5437,44.4753,3,11,14,3.666667,19.095685,1.003408,0.000000,3,1,71.0117,0.37,0.028158,24.7074,32.1307,19.4029,12.7278,208.3524,1301.75,1301.50,1301.33,1301.16,3.580909,1.979993,2.665379,5.644778,75.548154,-0.368054,0.050850,3.260000,0.106241,0.062026,0.023215,0.685386,0.915530,1.600916,+,E20>E50>E100>E200,Up_EMA20,UP,1,0.153199,0.037095,0.116104,94.2077,88.3912,-6.5934,3.396466,1.144280,0,1,61.1784,0.60,0.045836,18.9414,22.3430,20.4441,1.8989,86.9779,1301.42,1301.04,1299.70,1297.22,8.804181,1.772109,2.403984,0.980056,-12.569467,-1.912897,-0.065250,0.646629,0.079437,0.053884,0.077979,0.631875,6.400198,7.032072,+,E20>E50>E100>E200,Up_EMA20,UP,1,0.182965,0.023368,0.159597,42.9075,38.9034,-3.5420,4.822371,0.975242,0,1,61.8826,1.21,0.092785,31.1664,29.1214,20.4657,8.6556,74.5986,1300.92,1298.44,1295.61,1291.67,8.941704,1.288784,3.335448,1.682606,29.026371,-3.528558,0.031400,1.149311,0.075548,0.114688,0.083841,2.046664,5.606256,7.652920,+,E20>E50>E100>E200,Up_EMA20,UP,1,0.954940,1.145160,-0.190220,74.1324,70.9320,-12.0678,2.736530,0.856839,0,1,68.5893,1.51,0.115761,34.6173,19.3754,11.6444,7.7310,85.0422,1299.53,1295.86,1291.87,1284.80,11.723039,1.953862,4.385270,-2.399287,-4.077937,-3.541539,-0.018350,0.942638,0.168229,0.163473,0.112913,2.431408,7.337769,9.769177,+,E20>E50>E100>E200,Up_EMA20,UP,1,2.297730,2.563661,-0.265932,73.0929,51.1497,-6.3782,5.776222,0.799738,0,1,70.2267,2.09,0.160406,46.3025,21.8734,6.8874,14.9860,85.2963,1297.19,1292.15,1285.06,1275.37,12.974363,2.528722,4.939996,-0.442245,-7.833797,1.866610,-0.186400,0.691518,0.281506,0.202688,0.129313,2.411274,8.034367,10.445641,+,E20>E50>E100>E200,Up_EMA20,UP,1,3.217985,2.700053,0.517932,61.1121,70.4755,-2.8884,9.900320,0.832069,0,0,0.0000,0.00,0.000000,0.0000,0.0000,0.0000,0.0000,0.0000,0.00,0.00,0.00,0.00,0.000000,0.000000,0.000000,0.000000,0.000000,0.000000,0.000000,0.000000,0.000000,0.000000,0.000000,0.000000,0.000000,0.000000,,,,,0,0.000000,0.000000,0.000000,0.0000,0.0000,0.0000,0.000000,0.000000,0,5,5,5,0
90,47,2014.02.14 17:33:00,BUY,PROFILE_D_FULL,SINGLE_STEP,1,2.10,EMA->TP1,17,5,2,NewYork,1317.03,1317.03,1315.71,1315.69,1315.63,21.1179,35.6721,55.6582,12,3,15,0.250000,34.540289,0.224751,0.000000,3,1,59.6336,0.35,0.026695,28.1946,31.0216,11.2207,19.8009,151.0768,1316.24,1316.45,1316.73,1316.76,-0.162967,1.323745,0.709942,3.907108,47.567525,0.767648,0.044500,2.724806,0.049228,-0.013942,-0.012595,-0.613803,-0.872908,1.486712,+,E200>E100>E50>E20,Btw_100-50,DOWN,0,-0.047084,-0.181470,0.134386,88.2134,88.2798,-14.4231,3.249284,1.027789,0,1,49.3963,0.66,0.049878,21.2609,20.5946,27.7892,7.1946,-42.4355,1316.68,1316.54,1314.81,1311.04,8.628668,0.030096,0.244916,0.468300,-4.554580,1.073226,-0.057750,0.694606,-0.112856,-0.030124,0.078867,0.214820,8.383751,8.598572,-,E20>E50>E100>E200,Up_EMA20,UP,1,-0.294008,-0.221549,-0.072458,30.9212,18.4839,-59.6677,3.616659,0.538775,0,1,54.2647,1.38,0.104427,17.3446,17.2682,13.0465,4.2217,-69.8531,1316.33,1312.99,1308.05,1301.35,11.163906,0.271566,2.700232,-1.325328,-17.065275,-2.153181,-0.141050,0.660978,0.019575,0.114957,0.113495,2.428665,8.463674,10.892340,+,E20>E50>E100>E200,Up_EMA20,UP,1,1.061294,1.650402,-0.589107,21.7485,37.1644,-70.2930,4.057166,0.431667,0,1,61.5639,2.00,0.152027,26.3447,15.6436,14.9326,0.7111,-11.1927,1314.36,1308.32,1301.60,1292.32,12.181499,1.171546,4.186024,-2.573282,-22.402938,-3.812056,-0.188200,0.680231,0.159041,0.188007,0.125547,3.014478,7.995475,11.009953,+,E20>E50>E100>E200,Up_EMA20,UP,1,3.078488,3.611470,-0.532981,34.0529,37.2551,-40.8785,7.722886,0.647707,0,1,68.4510,4.11,0.311877,62.3217,22.4400,5.1432,17.2967,63.3849,1310.40,1301.81,1292.48,1280.78,8.748196,1.534747,3.626359,-2.632639,-25.266177,-0.278209,-0.130050,0.863300,0.211089,0.164642,0.090644,2.091613,5.121836,7.213449,+,E20>E50>E100>E200,Up_EMA20,UP,1,5.467671,5.129668,0.338003,48.4433,63.1573,-26.1718,5.851985,0.789335,0,0,0.0000,0.00,0.000000,0.0000,0.0000,0.0000,0.0000,0.0000,0.00,0.00,0.00,0.00,0.000000,0.000000,0.000000,0.000000,0.000000,0.000000,0.000000,0.000000,0.000000,0.000000,0.000000,0.000000,0.000000,0.000000,,,,,0,0.000000,0.000000,0.000000,0.0000,0.0000,0.0000,0.000000,0.000000,0,5,4,4,0
94,49,2014.02.17 13:05:01,BUY,PROFILE_D_FULL,SINGLE_STEP,1,3.32,EMA->TP1,13,1,2,Overlap,1326.24,1326.24,1326.30,1325.79,1325.03,38.3780,40.4631,46.3615,8,13,21,1.625000,7.983556,3.554622,0.000000,3,1,43.1247,0.36,0.026924,27.1391,27.6366,22.1011,5.5356,-71.0804,1326.25,1326.43,1326.46,1326.22,-0.770174,-0.851834,-1.360258,-0.158854,-17.219217,-3.358595,-0.040100,0.640359,-0.168964,-0.081739,-0.013063,-0.508424,0.590083,0.667582,+,E100>E50>E20>E200,Down_EMA200,RANGE,0,-0.166598,-0.050547,-0.116051,41.1382,31.4089,-59.7345,4.989967,0.312481,0,1,45.0033,0.89,0.067311,15.4127,16.2050,20.3568,4.1518,-161.7245,1326.46,1326.13,1325.56,1323.55,2.685375,-0.578848,-0.205994,-0.941641,-10.243442,0.111302,0.069950,1.644404,-0.022991,0.009396,0.031901,0.372854,2.891369,3.264223,-,E20>E50>E100>E200,Btw_100-50,UP,1,0.038770,0.175167,-0.136397,50.3401,58.1129,-60.2620,1.435498,-0.025335,1,1,50.6683,1.33,0.100457,17.7944,11.5854,19.2797,7.6942,-8.9532,1326.06,1324.74,1320.96,1313.37,9.435786,-0.091413,0.906505,-1.318976,-18.635232,-0.884610,0.080650,1.434186,0.045936,0.060465,0.101530,0.997918,8.529281,9.527199,-,E20>E50>E100>E200,Btw_50-20,UP,1,0.431208,0.455951,-0.024744,47.9029,47.0866,-40.4129,3.055531,0.540013,0,1,55.9345,1.41,0.106509,14.8881,12.7944,18.1814,5.3870,25.5984,1325.38,1321.14,1313.59,1302.21,16.803220,0.399094,3.403716,-0.846877,-15.237953,-0.739218,-0.126800,0.690165,0.110541,0.171249,0.177107,3.004622,13.399503,16.404125,-,E20>E50>E100>E200,Up_EMA20,UP,1,1.282669,1.419910,-0.137241,60.3858,69.5446,-37.2263,2.983893,0.566350,0,1,62.5569,2.26,0.170633,25.1656,16.0525,18.2781,2.2256,37.6400,1322.88,1313.90,1302.54,1288.29,16.641454,1.355931,5.322358,-0.260548,3.022725,-2.803666,-0.288200,0.610909,0.188072,0.239013,0.171312,3.966426,11.319096,15.285523,-,E20>E50>E100>E200,Up_EMA20,UP,1,3.980024,4.688171,-0.708147,76.7386,73.3327,-43.1705,5.631146,0.674962,0,1,79.2227,5.66,0.426866,69.2475,26.2977,4.5433,21.7544,86.1597,1310.07,1291.72,1276.20,1259.05,11.819164,2.804374,6.045824,-0.111856,-5.938029,1.995310,-0.155100,0.879497,0.346069,0.260994,0.119567,3.241451,5.773340,9.014790,+,E20>E50>E100>E200,Up_EMA20,UP,1,11.979441,11.165872,0.813568,65.0031,69.9199,-9.5671,9.682007,0.830630,0,6,5,2,1
95,50,2014.02.18 01:15:00,BUY,PROFILE_D_FULL,DEEP_4_5,5,6.49,NET_BASKET_BE,1,2,2,Asia,1326.20,1326.20,1327.04,1325.55,1325.55,34.4273,39.2334,44.5107,21,6,27,0.285714,10.083396,7.510719,0.000000,3,1,37.0888,0.20,0.014953,15.3538,22.6313,15.5939,7.0374,-37.4696,1326.37,1327.07,1327.71,1328.06,-11.226206,-2.670504,-6.205556,0.490875,3.929178,-1.307574,-0.039650,0.500000,-0.394055,-0.292641,-0.119445,-3.535052,-5.020650,8.555702,+,E200>E100>E50>E20,Down_EMA20,DOWN,0,-0.480939,-0.484161,0.003222,34.7527,24.7540,-86.6760,21.345817,0.322747,0,1,35.6278,1.13,0.085173,26.6643,15.1955,21.9364,6.7408,-140.2805,1327.51,1327.97,1327.60,1326.12,-0.253188,-1.483787,-1.888845,-1.771629,-21.695026,-2.309886,0.123850,2.214216,-0.138400,-0.062938,0.002466,-0.405058,1.635656,1.635656,-,E50>E100>E20>E200,Down_EMA200,RANGE,0,-0.738051,-0.504471,-0.233580,13.6285,17.1748,-90.7257,4.847577,0.138737,0,1,41.2560,1.33,0.100616,22.9563,16.2950,19.5859,3.2908,-155.8597,1327.81,1327.00,1324.12,1317.15,6.507619,-1.476485,-0.873069,-1.156742,-19.338634,-2.822007,-0.158050,0.627986,-0.089787,-0.001906,0.075468,0.603416,7.380688,7.984104,-,E20>E50>E100>E200,Btw_100-50,UP,1,-0.071613,0.505671,-0.577284,19.9713,16.8438,-95.5587,3.951814,0.044333,0,1,45.8813,2.45,0.185091,23.0976,14.2919,19.7440,5.4521,-128.6299,1327.52,1324.31,1317.36,1305.83,8.153686,-0.687724,0.623570,-3.366527,-52.217953,0.092922,0.276700,2.292387,0.031837,0.071264,0.093990,1.311294,7.530116,8.841410,-,E20>E50>E100>E200,Btw_50-20,UP,1,0.836351,1.220177,-0.383825,13.6606,24.9332,-95.5587,1.899456,0.085145,1,1,56.0233,2.18,0.164406,29.5367,19.0043,18.2371,0.7672,-26.8056,1325.71,1317.79,1306.33,1291.36,15.818170,0.057561,3.690143,-2.203020,-28.249584,0.206252,-0.039450,0.917017,0.130074,0.206754,0.172408,3.632582,12.128026,15.760609,+,E20>E50>E100>E200,Up_EMA20,UP,1,2.898369,3.617449,-0.719081,20.3834,44.3304,-59.3898,2.887865,0.367335,0,1,75.1379,3.28,0.247184,67.1848,29.3355,13.2809,16.0545,64.9141,1314.74,1295.85,1279.23,1261.09,19.755280,3.384274,9.149292,-0.803674,-6.328021,-0.327075,-0.469000,0.582907,0.504630,0.427680,0.207810,5.765018,10.605988,16.371006,+,E20>E50>E100>E200,Up_EMA20,UP,1,11.464708,11.774317,-0.309608,63.5348,74.5365,-19.0488,16.645055,0.731472,0,6,4,3,1
109,55,2014.02.26 01:04:01,BUY,PROFILE_D_FULL,SINGLE_STEP,1,3.20,EMA->TP1,1,3,2,Asia,1340.61,1340.61,1339.77,1339.77,1339.34,32.2648,40.9068,48.9874,6,8,14,1.333333,16.722609,0.988479,0.000000,3,1,57.3650,0.43,0.032381,18.1979,18.6485,12.5490,6.0995,142.3369,1340.02,1340.17,1340.37,1340.65,-0.817707,0.639823,0.279949,4.776398,56.229828,-0.862885,0.021600,1.331288,0.005746,-0.016285,-0.015297,-0.359874,-1.097656,1.457530,+,E200>E100>E50>E20,Btw_100-50,DOWN,0,-0.032299,-0.090458,0.058158,77.8989,64.9212,-13.6240,1.820207,0.954701,1,1,47.6534,0.61,0.045643,29.5676,11.9138,23.1880,11.2742,-60.7415,1340.34,1340.70,1340.36,1338.95,2.202725,-0.081772,-0.658780,0.533741,3.119455,0.571824,0.010100,1.089978,-0.078529,-0.052222,0.017272,-0.577008,2.861505,2.861505,-,E50>E100>E20>E200,Btw_200-100,RANGE,1,-0.249888,-0.210957,-0.038932,40.2065,31.3198,-49.7357,2.996418,0.396948,0,1,47.9461,0.79,0.058942,23.4429,13.4955,28.5708,15.0753,-99.3769,1340.64,1339.63,1337.58,1333.80,8.214596,-0.434850,0.839262,-1.133441,-17.183264,1.209063,0.038900,1.326616,-0.078247,0.030475,0.082774,1.274112,7.375334,8.649445,-,E20>E50>E100>E200,Btw_50-20,UP,1,-0.033018,0.174473,-0.207492,30.2961,32.5615,-62.4852,5.264490,0.331724,0,1,54.1838,1.10,0.081960,20.8560,15.0387,18.7946,3.7559,-86.4120,1340.01,1337.64,1333.90,1328.12,11.083620,0.254198,2.417686,-0.385298,-5.464341,-2.443898,-0.143700,0.604568,0.039053,0.110218,0.114512,2.163488,8.665935,10.829423,-,E20>E50>E100>E200,Up_EMA20,UP,1,0.945019,1.462787,-0.517768,28.6553,35.2171,-77.5549,4.932774,0.378208,0,1,59.0001,1.53,0.113800,23.3350,12.8211,14.3960,1.5750,16.6463,1338.60,1334.12,1328.33,1317.87,14.701048,1.110284,4.049996,-2.449795,-20.852490,-2.858965,-0.130900,0.699736,0.146621,0.180593,0.151081,2.939712,10.651052,13.590764,-,E20>E50>E100>E200,Up_EMA20,UP,1,2.118537,2.382078,-0.263542,21.2263,22.8900,-28.2060,8.526748,0.667584,0,1,67.3953,4.60,0.342873,30.4617,21.2249,8.9281,12.2968,93.1573,1332.11,1320.60,1303.75,1280.93,12.917212,1.779996,4.284756,0.596798,5.271395,1.756104,0.141700,1.182274,0.222077,0.185305,0.131259,2.504760,8.632456,11.137216,+,E20>E50>E100>E200,Up_EMA20,UP,1,6.081746,5.552015,0.529731,82.9198,83.8488,-13.2037,6.849977,0.806596,0,6,5,2,1
110,56,2014.02.26 23:01:00,SELL,PROFILE_D_FULL,SINGLE_STEP,1,2.19,EMA->TP1,23,3,2,Asia,1329.74,1329.74,1330.91,1330.98,1331.03,88.1726,80.7110,52.3360,3,12,15,4.000000,35.836551,0.293930,0.000000,6,1,34.3633,0.39,0.029423,22.1761,10.7176,27.3280,16.6105,-208.2600,1330.41,1330.09,1329.62,1329.21,1.371559,-1.704258,-0.889541,-4.860551,-37.101028,1.550091,0.030300,1.631908,-0.088707,0.008880,0.025591,0.814717,2.261100,3.075817,-,E20>E50>E100>E200,Btw_100-50,UP,1,-0.007637,0.165293,-0.172930,31.9422,26.4221,-70.8057,3.149907,-0.178553,0,1,53.4012,0.72,0.053845,45.7124,32.1509,19.7224,12.4286,-14.2096,1329.68,1329.26,1330.28,1332.80,-4.270452,0.086894,0.676371,-4.011128,-41.473673,1.428969,0.048950,1.519363,0.139153,0.075196,-0.033132,0.589477,-4.946823,4.946823,+,E200>E100>E20>E50,Btw_100-50,RANGE,0,0.490675,0.404007,0.086668,51.4785,69.8313,-49.6709,4.727925,0.590674,0,1,49.7760,1.01,0.076143,23.3432,24.5083,19.7468,4.7615,63.3202,1329.40,1331.61,1334.02,1334.13,-4.335895,0.335077,-1.849714,0.919157,10.363617,1.275008,0.049200,1.320939,0.073538,-0.072672,-0.042447,-2.184791,-2.486182,4.670973,+,E200>E100>E50>E20,Btw_50-20,DOWN,0,-0.313947,-0.807483,0.493536,75.4009,85.3162,-37.9361,3.569890,0.742412,0,1,42.8451,1.19,0.089585,24.4904,23.4614,14.0150,9.4463,84.3503,1330.69,1333.84,1334.03,1330.39,-0.546427,-0.797641,-3.441824,0.784432,19.735824,-0.084328,-0.130550,0.646014,-0.124461,-0.161194,-0.007830,-2.644183,2.895397,3.054404,+,E100>E50>E20>E200,Down_EMA200,RANGE,0,-2.014986,-2.795829,0.780842,77.4000,77.9344,-27.5879,8.633811,0.524191,0,1,39.9822,1.63,0.122731,25.7582,17.7102,13.0316,4.6786,-35.5667,1332.93,1333.91,1330.39,1321.05,5.325871,-1.955739,-2.550923,0.536700,13.600326,-2.016331,-0.887150,0.268963,-0.274935,-0.121030,0.052641,-0.595184,7.876794,7.876794,+,E50>E20>E100>E200,Btw_200-100,RANGE,1,-2.545457,-2.187602,-0.357855,82.6738,73.4405,-63.9549,15.134465,0.295714,0,1,49.2904,7.82,0.588216,21.5338,19.7861,18.7355,1.0505,-106.5951,1332.20,1322.81,1306.52,1283.47,5.915671,-0.314643,0.886661,-3.867610,-39.523393,-1.283523,0.525350,1.505630,0.000793,0.055729,0.064745,1.201303,5.029010,6.230313,+,E20>E50>E100>E200,Btw_50-20,UP,1,2.988365,5.212165,-2.223800,23.7533,24.7515,-67.7284,3.322610,0.351089,0,6,3,1,0
116,59,2014.02.28 11:37:02,SELL,PROFILE_D_FULL,SINGLE_STEP,1,2.00,EMA->TP1,11,5,2,London,1330.53,1330.53,1330.68,1330.93,1330.94,64.6699,58.7494,57.9571,15,5,20,0.333333,6.712759,1.256039,0.000000,3,1,53.6282,0.21,0.015558,35.5588,18.2584,11.7689,6.4894,14.4485,1330.44,1330.03,1329.45,1329.14,6.706801,0.460564,2.445501,-0.847610,-12.104717,-0.090210,-0.045700,0.475316,0.149213,0.141227,0.076683,1.984937,4.261300,6.246238,+,E20>E50>E100>E200,Up_EMA20,UP,1,0.170512,0.164728,0.005784,41.1171,58.3474,-35.9649,6.900622,0.642009,0,1,61.9004,0.62,0.046598,36.2701,21.2013,12.3995,8.8018,81.1598,1329.55,1329.24,1329.61,1330.11,0.681535,1.584801,2.091928,-0.715998,-9.414061,-2.729310,-0.018350,0.871092,0.164560,0.077070,0.003207,0.507127,-1.410393,1.410393,+,E200>E100>E20>E50,Up_EMA200,RANGE,1,0.609730,0.516688,0.093043,67.6342,53.2697,-13.1326,6.219021,0.795426,0,1,55.0117,1.12,0.083951,27.1842,24.1107,12.1750,11.9357,98.3413,1329.36,1329.93,1330.45,1331.23,-0.620609,1.049103,0.544050,1.889588,23.501533,1.115433,-0.097800,0.695517,0.093126,0.007866,-0.010304,-0.505053,-1.164659,1.669712,+,E200>E100>E50>E20,Btw_200-100,DOWN,0,-0.123315,-0.693318,0.570003,87.5445,90.1615,-7.3898,5.350036,0.762358,0,1,52.1604,1.67,0.125232,18.0898,25.2267,15.0197,10.2070,54.0211,1329.73,1330.41,1331.19,1330.30,0.136973,0.480038,0.074414,3.446783,51.507123,0.336246,-0.120150,0.735002,-0.021553,-0.027968,-0.006148,-0.405624,0.062559,0.875605,+,E100>E50>E200>E20,Btw_100-50,RANGE,1,-0.445208,-0.603809,0.158601,91.5658,76.4571,-27.0883,4.193108,0.592754,0,1,50.0696,2.93,0.219931,17.9619,20.9475,21.1591,0.2116,2.1398,1330.23,1331.20,1330.32,1323.69,2.337010,0.102403,-0.229010,0.724336,9.260907,0.538815,-0.014900,0.975173,-0.056360,-0.035031,0.018076,-0.331413,2.566020,2.566020,-,E50>E100>E20>E200,Btw_50-20,RANGE,1,-0.577178,-0.389376,-0.187802,59.9793,38.6801,-33.3171,2.389357,0.475107,0,1,50.1894,4.10,0.307771,13.7667,16.5888,22.5350,5.9462,-51.7265,1331.19,1325.12,1310.47,1287.51,10.505046,-0.159238,1.320996,-0.599157,-6.285945,-0.802263,-0.442800,0.649073,-0.028009,0.055990,0.107136,1.480234,9.184050,10.664284,-,E20>E50>E100>E200,Btw_50-20,UP,1,0.635939,1.378809,-0.742870,49.2354,51.7878,-64.3052,5.283027,0.358859,0,6,1,2,0
117,60,2014.02.28 16:01:05,SELL,PROFILE_D_FULL,SINGLE_STEP,1,4.02,EMA->TP1,16,5,2,NewYork,1325.38,1325.38,1325.51,1325.67,1326.34,63.8034,63.5967,57.5923,3,4,7,1.333333,6.211122,1.324820,0.000000,3,1,51.0690,0.63,0.047269,29.0186,16.4897,9.2030,7.2868,6.8626,1325.28,1325.66,1326.74,1327.90,-4.028191,0.153150,-0.448608,-0.563375,-18.654787,0.795952,0.062000,1.979463,0.089019,0.005297,-0.035295,-0.601758,-3.579583,4.181341,+,E200>E100>E50>E20,Btw_50-20,DOWN,0,0.153018,0.065606,0.087412,34.6855,50.8529,-53.6613,3.270074,0.622248,0,1,39.6600,1.02,0.076846,28.3428,21.9021,16.2631,5.6390,-7.8828,1326.67,1328.13,1328.87,1329.53,-4.078303,-1.270445,-2.697180,2.517339,23.876821,-1.815249,-0.191450,0.515500,-0.168504,-0.122142,-0.042625,-1.426735,-1.381123,2.807858,+,E200>E100>E50>E20,Down_EMA20,DOWN,0,-1.252283,-1.298394,0.046111,85.6170,74.6330,-61.1940,8.528916,0.312409,0,1,39.3753,2.62,0.197566,20.1494,15.7439,21.2426,5.4987,-83.2234,1328.01,1329.09,1329.85,1330.78,-2.063801,-1.005491,-1.415427,0.072396,10.842547,0.810411,0.080200,1.180834,-0.128751,-0.061862,-0.020944,-0.409935,-0.648374,1.058310,-,E200>E100>E50>E20,Down_EMA20,DOWN,0,-1.071845,-0.321450,-0.750395,36.7674,26.5447,-73.7528,3.617259,0.138770,0,1,41.0564,3.56,0.268678,19.0901,13.3443,25.3995,12.0551,-106.5956,1328.43,1329.62,1330.64,1330.10,-1.324955,-0.857056,-1.189738,-1.861680,-35.140850,0.926641,0.172250,1.319011,-0.073642,-0.038275,-0.010058,-0.332682,-0.135217,0.621252,-,E100>E200>E50>E20,Down_EMA200,RANGE,0,-1.025737,-0.511078,-0.514659,24.8590,20.4286,-73.7528,2.304425,0.118836,0,1,38.6254,3.76,0.283447,20.1709,12.7429,25.8931,13.1501,-152.5202,1329.07,1330.51,1330.05,1323.88,0.399818,-0.982982,-1.366679,-1.342187,-22.364002,0.342939,0.109150,1.169963,-0.052556,-0.032874,0.010742,-0.383697,1.766497,1.766497,-,E50>E100>E20>E200,Btw_200-100,RANGE,1,-1.127162,-0.736095,-0.391067,23.6245,37.2322,-73.7528,2.137994,-0.027620,0,1,43.2820,5.47,0.412731,15.7585,12.4601,19.4632,7.0031,-143.5261,1330.06,1325.11,1311.03,1288.25,6.786750,-0.855410,0.049794,-1.580170,-20.869540,0.357686,-0.248150,0.815117,-0.052755,0.023518,0.074693,0.905204,6.736956,7.642160,-,E20>E50>E100>E200,Btw_50-20,UP,1,-0.310705,0.881418,-1.192124,32.3499,35.9420,-81.1831,4.337158,0.193163,0,6,4,4,0
